,0,1,2,3,4,5,6,7,8,9,10,11,12,13,14,15,16,17,18,19,20,21,22,23,24,25,26,27,28,29,30,31,32,33,34,35,36,37,38,39,40,41,42,43,44,45,46,47,48,49,50,51,52,53
0,15.091384410858154,0.0017931461334228516,0.0013217926025390625,0.01594853401184082,0.007630109786987305,0.010550260543823242,0.05067706108093262,0.0033388137817382812,0.0014448165893554688,2.50219464302063,64.31857323646545,0.012513875961303711,91.4542338848114,0.2812802791595459,40.64260816574097,0.01772785186767578,0.14851045608520508,0.019127368927001953,0.002875804901123047,56.642486572265625,375.3742997646332,1322.5132477283478,18.286396265029907,0.0017261505126953125,0.007341623306274414,0.0009877681732177734,0.0009837150573730469,0.16002774238586426,0.002871274948120117,0.03157353401184082,0.31441497802734375,2.038738965988159,0.009653091430664062,0.1292412281036377,0.005676984786987305,0.02582859992980957,0.9484803676605225,0.0357968807220459,0.798192024230957,27.105655908584595,0.004427909851074219,0.001714468002319336,0.012182235717773438,0.007161617279052734,0.048778533935546875,0.028333663940429688,0.10517573356628418,0.05413651466369629,0.002536296844482422,13.676777124404907,341.06487584114075,65.02069020271301,0.011781692504882812,12.436497688293457
1,15.262250661849976,0.0006802082061767578,0.00020360946655273438,0.01401972770690918,0.006890773773193359,0.010009765625,0.05450606346130371,0.0026454925537109375,0.0007009506225585938,2.069765090942383,64.33375215530396,0.016611576080322266,92.0270471572876,0.3332979679107666,40.65268611907959,0.0169980525970459,0.15833353996276855,0.01772332191467285,0.002274036407470703,56.46801280975342,387.11973571777344,1324.543601512909,18.581215620040894,0.0010416507720947266,0.006442546844482422,0.0003464221954345703,0.0002880096435546875,0.1570422649383545,0.0021555423736572266,0.03375720977783203,0.32440185546875,1.8828258514404297,0.009157896041870117,0.13768458366394043,0.005151271820068359,0.025475025177001953,0.9088258743286133,0.032761573791503906,26.58891534805298,46.42293930053711,0.0038247108459472656,0.001039266586303711,0.011748552322387695,0.0064296722412109375,0.046655893325805664,0.026610374450683594,0.10378432273864746,0.05319857597351074,0.0018033981323242188,13.68791913986206,341.5927679538727,64.7717056274414,0.03027510643005371,3.143657684326172
2,15.377532005310059,0.0005865097045898438,0.00019621849060058594,0.013025283813476562,0.0066106319427490234,0.00960087776184082,0.05254626274108887,0.0026006698608398438,0.0007867813110351562,2.5830636024475098,64.20538449287415,0.013306379318237305,89.11075043678284,0.28778934478759766,40.62389039993286,0.017011404037475586,0.14571452140808105,0.017729520797729492,0.0023441314697265625,56.563477993011475,360.1253671646118,1249.8831412792206,18.72709584236145,0.0010714530944824219,0.006905078887939453,0.00026416778564453125,0.0003097057342529297,0.15597319602966309,0.0023496150970458984,0.03472185134887695,0.28989481925964355,2.087388515472412,0.009056329727172852,0.1716291904449463,0.0053675174713134766,0.027249574661254883,1.0076777935028076,0.0310208797454834,2.1202526092529297,44.568135023117065,0.003697633743286133,0.0009970664978027344,0.011617422103881836,0.006356000900268555,0.045380353927612305,0.026256561279296875,0.10379505157470703,0.0534517765045166,0.0018308162689208984,13.68814730644226,343.1247413158417,64.11347270011902,0.037241220474243164,59.835753440856934
3,15.464797019958496,0.0005714893341064453,0.00019025802612304688,0.012954473495483398,0.0068836212158203125,0.00961923599243164,0.05018973350524902,0.002562284469604492,0.0007405281066894531,2.655181407928467,63.36488628387451,0.010448455810546875,91.5218665599823,0.303372859954834,40.72217679023743,0.020114421844482422,0.13415980339050293,0.017802715301513672,0.0023806095123291016,56.7965989112854,375.3267228603363,1360.0135917663574,18.72002649307251,0.000993490219116211,0.0069427490234375,0.0002665519714355469,0.00027871131896972656,0.17427420616149902,0.0019061565399169922,0.03641867637634277,0.33991074562072754,2.0572047233581543,0.008924484252929688,0.1265733242034912,0.0070230960845947266,0.03191947937011719,0.763200044631958,0.034734487533569336,26.079796314239502,2.4998691082000732,0.003850221633911133,0.0010464191436767578,0.011060237884521484,0.006543397903442383,0.04506349563598633,0.02601933479309082,0.10721325874328613,0.05394339561462402,0.0018591880798339844,13.504725217819214,354.52870082855225,64.76822233200073,0.1896681785583496,1.0724761486053467
4,15.262024402618408,0.0005979537963867188,0.0001888275146484375,0.012720823287963867,0.006575107574462891,0.009599924087524414,0.05767345428466797,0.0026302337646484375,0.0008234977722167969,2.457057476043701,63.52118802070618,0.011512279510498047,90.56303644180298,0.2547180652618408,41.08895683288574,0.01858210563659668,0.13303613662719727,0.01775383949279785,0.002371549606323242,56.714309215545654,357.84106063842773,1180.481279850006,19.02353072166443,0.0010533332824707031,0.00561070442199707,0.00026607513427734375,0.000278472900390625,0.1696150302886963,0.002084970474243164,0.0276186466217041,0.2551889419555664,1.9491033554077148,0.008735179901123047,0.13525032997131348,0.005853414535522461,0.023299455642700195,0.6939077377319336,0.02958822250366211,26.309870719909668,48.17826509475708,0.0036995410919189453,0.0010690689086914062,0.011045455932617188,0.006493091583251953,0.045365333557128906,0.02508378028869629,0.10635638236999512,0.05402684211730957,0.0019991397857666016,13.899884939193726,439.80007910728455,65.04445433616638,0.10212039947509766,12.941086053848267
5,15.357588768005371,0.0005824565887451172,0.00022935867309570312,0.012814044952392578,0.006545543670654297,0.009646177291870117,0.04802966117858887,0.002627134323120117,0.0007033348083496094,2.442434072494507,63.62195873260498,0.0028569698333740234,91.4826807975769,0.28086185455322266,41.45359706878662,0.016998767852783203,0.14946985244750977,0.018520116806030273,0.0021986961364746094,56.479992628097534,377.5047867298126,1326.8018190860748,18.538224697113037,0.0011081695556640625,0.0067331790924072266,0.000293731689453125,0.00030493736267089844,0.18300318717956543,0.002170085906982422,0.03102898597717285,0.34604382514953613,2.093271493911743,0.008892297744750977,0.1327364444732666,0.005052804946899414,0.025102853775024414,0.9291269779205322,0.03520679473876953,2.194242477416992,2.5860774517059326,0.003712892532348633,0.0010371208190917969,0.010982513427734375,0.00644683837890625,0.04398179054260254,0.025389671325683594,0.1049051284790039,0.05443000793457031,0.0018815994262695312,13.92935848236084,341.74285078048706,64.63096332550049,0.010674476623535156,12.695219039916992
6,15.226711511611938,0.000560760498046875,0.00019693374633789062,0.012740135192871094,0.006591320037841797,0.009693622589111328,0.05374550819396973,0.002542257308959961,0.0006837844848632812,2.082102060317993,63.38333034515381,0.0167233943939209,91.83968210220337,0.3219318389892578,41.39227485656738,0.017194747924804688,0.15890717506408691,0.017729997634887695,0.0021944046020507812,55.80024075508118,384.6495478153229,1333.4419836997986,18.72768998146057,0.0010454654693603516,0.006377696990966797,0.00026726722717285156,0.0002810955047607422,0.14491534233093262,0.0021314620971679688,0.0336453914642334,0.3191816806793213,1.8812012672424316,0.008795976638793945,0.13399410247802734,0.005063533782958984,0.025165081024169922,0.9184455871582031,0.032266855239868164,1.0320188999176025,1.6016926765441895,0.003683805465698242,0.0010194778442382812,0.010986566543579102,0.0063629150390625,0.04407143592834473,0.02541351318359375,0.10508203506469727,0.0545651912689209,0.0018198490142822266,13.982638835906982,342.13827419281006,65.06204557418823,0.028667211532592773,0.8237099647521973
7,15.589591264724731,0.0006284713745117188,0.00019931793212890625,0.012688636779785156,0.006547689437866211,0.009604930877685547,0.05227184295654297,0.002519845962524414,0.0007498264312744141,2.7317326068878174,63.62672400474548,0.013241052627563477,89.16933274269104,0.2875816822052002,41.15059280395508,0.016999244689941406,0.1438896656036377,0.017817974090576172,0.0023543834686279297,56.045053482055664,365.63513231277466,1266.946254491806,18.444822311401367,0.0010385513305664062,0.006968498229980469,0.0002663135528564453,0.0002799034118652344,0.16304326057434082,0.0021448135375976562,0.03406333923339844,0.2730872631072998,2.031224250793457,0.009011983871459961,0.16232609748840332,0.005430459976196289,0.027522802352905273,1.0396296977996826,0.031148672103881836,27.725465774536133,46.87418866157532,0.0037331581115722656,0.001123666763305664,0.011612892150878906,0.006361722946166992,0.04666590690612793,0.025345563888549805,0.10424065589904785,0.05405473709106445,0.0018253326416015625,13.81318473815918,343.88037157058716,64.6034803390503,0.05152606964111328,1.9580280780792236
8,15.250479936599731,0.0005941390991210938,0.00020432472229003906,0.01348114013671875,0.006784677505493164,0.009911060333251953,0.05200910568237305,0.0028111934661865234,0.0008008480072021484,2.790571451187134,63.1977641582489,0.010406732559204102,90.55539608001709,0.30153656005859375,41.12456774711609,0.02022242546081543,0.13221168518066406,0.017833471298217773,0.002340555191040039,56.08381748199463,378.10688519477844,1354.8239600658417,18.5179386138916,0.0010008811950683594,0.0070459842681884766,0.00027060508728027344,0.0002853870391845703,0.16686582565307617,0.0019314289093017578,0.03655529022216797,0.32275962829589844,2.034060001373291,0.009747028350830078,0.1289677619934082,0.007112979888916016,0.03345799446105957,0.789360761642456,0.03503155708312988,1.1229948997497559,0.25008273124694824,0.0037658214569091797,0.0010063648223876953,0.01076960563659668,0.006258249282836914,0.0442357063293457,0.025255680084228516,0.10428166389465332,0.05414271354675293,0.0018649101257324219,13.606104850769043,356.11075019836426,65.05388116836548,0.021237850189208984,0.8770368099212646
9,15.128403186798096,0.0005679130554199219,0.0001957416534423828,0.013019323348999023,0.006545305252075195,0.009579181671142578,0.06388735771179199,0.0025420188903808594,0.0008196830749511719,2.592708110809326,63.69492864608765,0.01153254508972168,91.86728954315186,0.2554645538330078,41.20485877990723,0.01875758171081543,0.13130903244018555,0.01776909828186035,0.002266407012939453,56.01992440223694,356.1949257850647,1141.2424819469452,18.849178075790405,0.0009846687316894531,0.005644798278808594,0.00026988983154296875,0.0002830028533935547,0.10240674018859863,0.002052783966064453,0.027577638626098633,0.24202680587768555,1.919816255569458,0.008919715881347656,0.13030290603637695,0.00610804557800293,0.023777246475219727,0.7210009098052979,0.029562711715698242,2.418109655380249,3.7003939151763916,0.0038399696350097656,0.0010404586791992188,0.011026144027709961,0.00629878044128418,0.04658389091491699,0.02512073516845703,0.10680174827575684,0.05420207977294922,0.0020475387573242188,13.977783918380737,452.1957633495331,65.58210468292236,0.018273353576660156,0.8362998962402344
10,15.247743844985962,0.0005674362182617188,0.00019502639770507812,0.013071298599243164,0.006542682647705078,0.009552240371704102,0.04840803146362305,0.002626657485961914,0.000690460205078125,2.564457893371582,63.85181403160095,0.013685464859008789,91.50327897071838,0.28187036514282227,41.62946176528931,0.017032623291015625,0.14899110794067383,0.01840376853942871,0.0021834373474121094,56.01957654953003,180.20255970954895,1334.957337141037,18.377524375915527,0.0010731220245361328,0.006684064865112305,0.0002713203430175781,0.0002868175506591797,0.15932703018188477,0.0021753311157226562,0.03086709976196289,0.32686758041381836,2.058100700378418,0.008795499801635742,0.12826013565063477,0.005045890808105469,0.025103330612182617,0.11240959167480469,0.0351259708404541,0.18407988548278809,1.9405436515808105,0.0037469863891601562,0.0010149478912353516,0.010877132415771484,0.006288766860961914,0.044120073318481445,0.025342941284179688,0.10480237007141113,0.05439305305480957,0.0018360614776611328,14.015149593353271,340.7598216533661,28.477488040924072,0.017069578170776367,2.29642915725708
11,15.144855976104736,0.0005831718444824219,0.0002040863037109375,0.013147592544555664,0.0066411495208740234,0.009804487228393555,0.053955078125,0.002553701400756836,0.00069427490234375,2.1821370124816895,63.93420910835266,0.016705989837646484,92.39666295051575,0.32132601737976074,41.37584829330444,0.017054319381713867,0.15497708320617676,0.01784038543701172,0.0022194385528564453,56.12737679481506,374.9810297489166,1348.8458495140076,18.427316427230835,0.0010721683502197266,0.006462574005126953,0.0003466606140136719,0.0003180503845214844,0.15478205680847168,0.0021529197692871094,0.033865928649902344,0.32019710540771484,1.8562157154083252,0.009012699127197266,0.13484978675842285,0.005046367645263672,0.02508258819580078,0.12541484832763672,0.03230404853820801,0.17031335830688477,1.5914101600646973,0.0037097930908203125,0.0010135173797607422,0.010946512222290039,0.006900787353515625,0.04425382614135742,0.02552318572998047,0.10512733459472656,0.05455446243286133,0.0018432140350341797,14.093923330307007,343.9751899242401,65.49478840827942,0.02007317543029785,0.8157141208648682
12,8.967427968978882,0.0005741119384765625,0.00020122528076171875,0.012987613677978516,0.006562232971191406,0.009560346603393555,0.053200483322143555,0.0026454925537109375,0.0007636547088623047,2.6118597984313965,63.556984424591064,0.013282299041748047,80.87697458267212,0.28858137130737305,41.20692682266235,0.017050981521606445,0.14315223693847656,0.017874956130981445,0.002382993698120117,56.44347810745239,374.6452808380127,1261.783187866211,18.403306007385254,0.001046895980834961,0.007019996643066406,0.000274658203125,0.000286102294921875,0.17208623886108398,0.0021696090698242188,0.03373122215270996,0.2867898941040039,2.0299036502838135,0.008823871612548828,0.16900134086608887,0.005377531051635742,0.02741098403930664,0.18606209754943848,0.031230926513671875,0.1977839469909668,2.370617389678955,0.0038444995880126953,0.0010530948638916016,0.011243343353271484,0.006738901138305664,0.045491695404052734,0.026175975799560547,0.10784912109375,0.05590415000915527,0.0019261837005615234,13.914210081100464,341.1043367385864,65.02739095687866,0.020277738571166992,1.1086010932922363
13,2.460998296737671,0.0005838871002197266,0.00020503997802734375,0.013289928436279297,0.006661653518676758,0.009747982025146484,0.051017045974731445,0.0025937557220458984,0.0007610321044921875,2.6933095455169678,63.5255229473114,0.010500907897949219,90.35590171813965,0.3025815486907959,41.423550844192505,0.02013254165649414,0.13381457328796387,0.017838716506958008,0.0024056434631347656,55.80818176269531,375.2049536705017,1359.4751448631287,18.49390459060669,0.0010066032409667969,0.006969451904296875,0.0002734661102294922,0.0002880096435546875,0.15932989120483398,0.001913309097290039,0.03623080253601074,0.3348414897918701,2.0322859287261963,0.009011983871459961,0.12660932540893555,0.006112813949584961,0.032135725021362305,0.7843997478485107,0.03478097915649414,25.336275815963745,0.14889121055603027,0.0037140846252441406,0.0010428428649902344,0.01080775260925293,0.006898403167724609,0.04426908493041992,0.02546858787536621,0.10528683662414551,0.05455422401428223,0.0018620491027832031,13.70011019706726,355.2950415611267,65.50624108314514,0.01986861228942871,1.4730606079101562
14,15.134499073028564,0.0005693435668945312,0.0001995563507080078,0.013118267059326172,0.006688594818115234,0.009713888168334961,0.07838273048400879,0.0026404857635498047,0.0008246898651123047,2.4706437587738037,63.64932346343994,0.011616230010986328,6.67801833152771,0.2555704116821289,41.444939374923706,0.01866316795349121,0.12865757942199707,0.01770925521850586,0.0023674964904785156,56.16420531272888,352.40215587615967,1061.2152004241943,18.900567531585693,0.0010883808135986328,0.005638599395751953,0.0002834796905517578,0.0002894401550292969,0.10255670547485352,0.002070903778076172,0.027657747268676758,0.250779390335083,1.9228405952453613,0.009588003158569336,0.13759803771972656,0.005974531173706055,0.023805856704711914,0.3672819137573242,0.03047013282775879,26.383856534957886,0.9180943965911865,0.0037224292755126953,0.0010318756103515625,0.010488510131835938,0.006487369537353516,0.04409170150756836,0.025203704833984375,0.10788416862487793,0.05489373207092285,0.0020198822021484375,14.281738042831421,469.41918659210205,65.87405395507812,0.0183560848236084,0.9846935272216797
15,15.254060745239258,0.0005719661712646484,0.0002002716064453125,0.01318359375,0.0066432952880859375,0.009625434875488281,0.04846477508544922,0.002561807632446289,0.0006902217864990234,2.4571146965026855,63.79944896697998,0.012317180633544922,91.71427202224731,0.30771923065185547,41.623356342315674,0.017591476440429688,0.15262722969055176,0.018798351287841797,0.002232074737548828,56.12836480140686,375.27230048179626,1308.5867536067963,18.388627767562866,0.0012707710266113281,0.008080244064331055,0.0003299713134765625,0.0003514289855957031,0.1715991497039795,0.002241373062133789,0.031580448150634766,0.344815731048584,2.05876088142395,0.008805274963378906,0.129669189453125,0.005036830902099609,0.02502608299255371,0.9483590126037598,0.03503298759460449,0.7998757362365723,27.662397146224976,0.003918647766113281,0.001051187515258789,0.011900663375854492,0.006434440612792969,0.04640936851501465,0.025655746459960938,0.10683608055114746,0.05582737922668457,0.0019257068634033203,14.105429887771606,341.280241727829,65.293461561203,0.010891199111938477,12.39186429977417
16,15.115317106246948,0.0005700588226318359,0.0001990795135498047,0.012682199478149414,0.006522178649902344,0.009588003158569336,0.053856849670410156,0.0025262832641601562,0.0006997585296630859,2.088853359222412,63.57957172393799,0.017031192779541016,93.32681345939636,0.3293733596801758,41.581788539886475,0.017159461975097656,0.15794992446899414,0.017888545989990234,0.0022068023681640625,56.07803249359131,385.54745650291443,1340.0720267295837,18.393588304519653,0.0010592937469482422,0.00654911994934082,0.0002777576446533203,0.0002923011779785156,0.11406469345092773,0.002170562744140625,0.03406715393066406,0.3206310272216797,1.8562722206115723,0.009042739868164062,0.13406944274902344,0.005093574523925781,0.025441884994506836,0.9226360321044922,0.032094478607177734,26.492668390274048,47.172847270965576,0.0037763118743896484,0.0010368824005126953,0.011701822280883789,0.006389617919921875,0.046247243881225586,0.025665998458862305,0.10685372352600098,0.05553126335144043,0.001911163330078125,14.092693090438843,344.9805884361267,65.55851483345032,0.0304567813873291,3.1609511375427246
17,15.25759482383728,0.0007333755493164062,0.0002200603485107422,0.013617277145385742,0.006961822509765625,0.010241508483886719,0.05566263198852539,0.0027768611907958984,0.0008189678192138672,2.6155803203582764,63.821497201919556,0.013327836990356445,89.16450142860413,0.2918088436126709,41.28202724456787,0.017929792404174805,0.15166115760803223,0.018532514572143555,0.002468109130859375,55.84346127510071,354.92954564094543,1269.0657141208649,18.49928116798401,0.0011165142059326172,0.0073049068450927734,0.0003001689910888672,0.0003046989440917969,0.16278314590454102,0.0022363662719726562,0.03489518165588379,0.29129528999328613,2.0668210983276367,0.00894308090209961,0.1688995361328125,0.005376338958740234,0.027413129806518555,1.0289552211761475,0.03134870529174805,2.1053617000579834,45.16426205635071,0.003753662109375,0.001100778579711914,0.011527538299560547,0.006310462951660156,0.04561424255371094,0.025475025177001953,0.10594964027404785,0.0551450252532959,0.0018322467803955078,13.890695095062256,344.35321712493896,64.85055255889893,0.037657737731933594,60.25754165649414
18,15.243764162063599,0.0005795955657958984,0.00020170211791992188,0.012752771377563477,0.0065267086029052734,0.009612083435058594,0.05011892318725586,0.002743959426879883,0.0007550716400146484,2.6802778244018555,63.49910092353821,0.010505437850952148,91.46426653862,0.32673144340515137,41.36813306808472,0.02098536491394043,0.13735175132751465,0.018368244171142578,0.0024645328521728516,56.09485197067261,372.1675808429718,1353.0706441402435,18.500661611557007,0.0010368824005126953,0.0069427490234375,0.0002887248992919922,0.0002930164337158203,0.17539095878601074,0.0019268989562988281,0.03620576858520508,0.33492422103881836,2.030407428741455,0.008808135986328125,0.12639832496643066,0.00705409049987793,0.03197789192199707,0.7747774124145508,0.03537726402282715,25.962579488754272,2.518348455429077,0.0037736892700195312,0.001024484634399414,0.011450052261352539,0.006391286849975586,0.0460965633392334,0.025541067123413086,0.10695433616638184,0.055819034576416016,0.0019021034240722656,13.748901844024658,356.99998569488525,65.46863079071045,0.19049549102783203,1.0689465999603271
19,15.206575393676758,0.0006024837493896484,0.00020432472229003906,0.013016939163208008,0.006665706634521484,0.00964212417602539,0.05771040916442871,0.0025696754455566406,0.0008285045623779297,2.474853038787842,63.59165930747986,0.011523962020874023,91.40616226196289,0.27754998207092285,41.392117500305176,0.018665075302124023,0.1349468231201172,0.017751693725585938,0.0023000240325927734,56.05769085884094,362.1466088294983,1184.0181694030762,18.844321966171265,0.0009975433349609375,0.005610942840576172,0.0002777576446533203,0.00029277801513671875,0.1690208911895752,0.002039670944213867,0.027610301971435547,0.26189637184143066,1.9102706909179688,0.008943319320678711,0.14033126831054688,0.0059795379638671875,0.02338123321533203,0.7027850151062012,0.03025197982788086,26.22816276550293,49.00923681259155,0.0037384033203125,0.0010356903076171875,0.011154413223266602,0.0071582794189453125,0.046724557876586914,0.025255441665649414,0.10711956024169922,0.05444002151489258,0.002002716064453125,14.003287076950073,441.19211864471436,65.93250250816345,0.10158896446228027,12.962945938110352
20,15.15489387512207,0.0005750656127929688,0.0002033710479736328,0.013200044631958008,0.006692647933959961,0.009672880172729492,0.04874777793884277,0.0025882720947265625,0.000705718994140625,2.4600563049316406,63.714285373687744,0.0028543472290039062,91.93120956420898,0.2884502410888672,41.35941696166992,0.017167091369628906,0.15347552299499512,0.01850724220275879,0.002201557159423828,55.87136220932007,373.5225872993469,1337.0570986270905,18.31563448905945,0.0010581016540527344,0.006767749786376953,0.0002803802490234375,0.0002932548522949219,0.16007328033447266,0.0021729469299316406,0.030949115753173828,0.35317301750183105,2.0557172298431396,0.008814334869384766,0.13935637474060059,0.005181074142456055,0.02531147003173828,0.9376699924468994,0.03534364700317383,2.1738433837890625,2.592332601547241,0.003758668899536133,0.001033782958984375,0.011121749877929688,0.006472349166870117,0.04445028305053711,0.025560855865478516,0.10572600364685059,0.05464291572570801,0.0019223690032958984,14.062306880950928,342.00692796707153,65.10339951515198,0.010720491409301758,12.70340347290039
21,15.085752725601196,0.0006124973297119141,0.0002186298370361328,0.013701438903808594,0.006897449493408203,0.010007619857788086,0.054392337799072266,0.0025713443756103516,0.0007150173187255859,2.0922889709472656,63.6068971157074,0.016646623611450195,92.19128942489624,0.3223302364349365,41.47065734863281,0.017125844955444336,0.16235709190368652,0.017734766006469727,0.002218961715698242,55.86293911933899,381.44440960884094,1335.913863658905,18.372379302978516,0.0010638236999511719,0.0065419673919677734,0.00035953521728515625,0.0002994537353515625,0.146254301071167,0.002157449722290039,0.03385782241821289,0.3320765495300293,1.8428611755371094,0.008812665939331055,0.141556978225708,0.005079507827758789,0.025206804275512695,0.9164152145385742,0.03242659568786621,1.0270118713378906,1.6070797443389893,0.0037467479705810547,0.0010333061218261719,0.01172637939453125,0.006443023681640625,0.04438304901123047,0.025661945343017578,0.10535383224487305,0.054521799087524414,0.0018625259399414062,14.095381736755371,344.2509825229645,65.69647526741028,0.02848339080810547,0.8202857971191406
22,15.193972110748291,0.0005781650543212891,0.00020694732666015625,0.013160467147827148,0.00673675537109375,0.009717702865600586,0.05274033546447754,0.0025682449340820312,0.0007674694061279297,2.6363754272460938,63.91459679603577,0.013407468795776367,89.45921993255615,0.30233335494995117,41.19239521026611,0.017359018325805664,0.14942073822021484,0.017633438110351562,0.0023856163024902344,55.99525833129883,351.2210268974304,1258.9810917377472,18.460155963897705,0.0011072158813476562,0.006930828094482422,0.00028824806213378906,0.00029540061950683594,0.16448354721069336,0.0021610260009765625,0.0339505672454834,0.3002781867980957,2.031914234161377,0.009050130844116211,0.18256568908691406,0.005423307418823242,0.027517318725585938,1.0091371536254883,0.03343987464904785,27.610974550247192,47.315181732177734,0.0038509368896484375,0.0010530948638916016,0.011913299560546875,0.006547451019287109,0.04748344421386719,0.02591538429260254,0.10791778564453125,0.056104183197021484,0.001917123794555664,13.933840274810791,343.08551049232483,64.86838912963867,0.052347660064697266,1.9586467742919922
23,15.162149429321289,0.0005831718444824219,0.000209808349609375,0.013095378875732422,0.006738424301147461,0.009726524353027344,0.05058574676513672,0.0026907920837402344,0.0007557868957519531,2.680185556411743,63.65995812416077,0.01049041748046875,90.66783428192139,0.3172314167022705,41.47354555130005,0.02017688751220703,0.13765406608581543,0.017902135848999023,0.0024666786193847656,57.0448055267334,372.5614912509918,1349.3964104652405,18.537818431854248,0.001047372817993164,0.007022857666015625,0.0002827644348144531,0.0003180503845214844,0.16890478134155273,0.0019724369049072266,0.03632068634033203,0.3443164825439453,2.030513286590576,0.008890628814697266,0.13151001930236816,0.007191181182861328,0.03214383125305176,0.7730627059936523,0.03647303581237793,1.1213572025299072,0.25415873527526855,0.0038602352142333984,0.0010962486267089844,0.01120448112487793,0.006587028503417969,0.04509234428405762,0.025996685028076172,0.10853862762451172,0.056078433990478516,0.001955270767211914,13.759288787841797,355.74624824523926,65.26718759536743,0.0216217041015625,0.8790006637573242
24,15.071979522705078,0.0005853176116943359,0.00021028518676757812,0.013263225555419922,0.006845712661743164,0.00986170768737793,0.06411933898925781,0.002666473388671875,0.0008473396301269531,2.478996753692627,63.75174331665039,0.011525154113769531,92.11471343040466,0.2575812339782715,41.33004975318909,0.01916790008544922,0.13957881927490234,0.01815009117126465,0.0023512840270996094,56.697335720062256,358.9561276435852,1142.964267730713,18.78896474838257,0.001077890396118164,0.005681037902832031,0.0002837181091308594,0.0002970695495605469,0.15561985969543457,0.0020935535430908203,0.027706384658813477,0.261350154876709,1.905468225479126,0.008808374404907227,0.14255023002624512,0.005832672119140625,0.023270368576049805,0.6989967823028564,0.029709577560424805,2.4059953689575195,3.7155141830444336,0.0037994384765625,0.0010869503021240234,0.011174917221069336,0.006608486175537109,0.046888113021850586,0.025426864624023438,0.10938858985900879,0.055823564529418945,0.0020194053649902344,14.030470848083496,453.00311183929443,65.52933645248413,0.018988609313964844,0.8427138328552246
25,15.433048486709595,0.0005841255187988281,0.0002105236053466797,0.013277769088745117,0.006747007369995117,0.009711265563964844,0.048996686935424805,0.0026166439056396484,0.0007157325744628906,2.4584310054779053,63.90246891975403,0.013711929321289062,91.79823899269104,0.28252243995666504,41.516640186309814,0.01728677749633789,0.15600132942199707,0.01856207847595215,0.002223491668701172,57.02439856529236,178.59708952903748,1325.8224968910217,18.313303470611572,0.0010690689086914062,0.006731510162353516,0.0002887248992919922,0.00030159950256347656,0.16123390197753906,0.002168893814086914,0.031034469604492188,0.3498115539550781,2.060093402862549,0.009698152542114258,0.15081024169921875,0.0055599212646484375,0.027544021606445312,0.13076376914978027,0.03855276107788086,0.19097542762756348,1.9701004028320312,0.004085063934326172,0.0011410713195800781,0.011809349060058594,0.0071222782135009766,0.04477286338806152,0.025513648986816406,0.10725855827331543,0.05541086196899414,0.0018343925476074219,14.105496644973755,342.853538274765,28.425026655197144,0.018640995025634766,2.299290895462036
26,15.040069818496704,0.0005850791931152344,0.00021195411682128906,0.013145208358764648,0.006758213043212891,0.009763717651367188,0.0535581111907959,0.002580404281616211,0.0007064342498779297,2.094832181930542,63.749348878860474,0.016689300537109375,92.4827733039856,0.3304443359375,41.45468592643738,0.017138242721557617,0.161698579788208,0.017780065536499023,0.002238035202026367,56.82766008377075,379.80324816703796,1351.7252504825592,18.334972620010376,0.0010848045349121094,0.006482362747192383,0.00028443336486816406,0.0002994537353515625,0.11068558692932129,0.002157926559448242,0.033698320388793945,0.31968164443969727,1.8412859439849854,0.008782148361206055,0.1394972801208496,0.005129337310791016,0.025214195251464844,0.12533831596374512,0.03231215476989746,0.16975140571594238,1.5935161113739014,0.003713369369506836,0.0010221004486083984,0.010925531387329102,0.006541013717651367,0.044197797775268555,0.02555394172668457,0.10718297958374023,0.05546092987060547,0.0018393993377685547,14.136425495147705,341.1536338329315,65.38622307777405,0.0198366641998291,0.8142359256744385
27,8.917081117630005,0.0006561279296875,0.00023055076599121094,0.013162612915039062,0.006693840026855469,0.009685516357421875,0.05237293243408203,0.0025701522827148438,0.0007722377777099609,2.611072540283203,64.08033537864685,0.013389110565185547,81.64312672615051,0.30280351638793945,41.278087854385376,0.018071889877319336,0.15334796905517578,0.018431663513183594,0.0024895668029785156,56.76711893081665,366.54748606681824,1264.091634273529,18.428736448287964,0.001064300537109375,0.0069732666015625,0.0002865791320800781,0.0003006458282470703,0.17360472679138184,0.0021810531616210938,0.03365063667297363,0.28717494010925293,2.0193698406219482,0.008859634399414062,0.18182682991027832,0.0053670406341552734,0.027328014373779297,0.18610072135925293,0.03133058547973633,0.20193195343017578,2.3646068572998047,0.0037419795989990234,0.0011203289031982422,0.011609077453613281,0.007071971893310547,0.044486284255981445,0.025523662567138672,0.10716891288757324,0.05534243583679199,0.0018475055694580078,13.936865091323853,345.6547966003418,64.99642086029053,0.020252227783203125,1.1116943359375
28,2.4367880821228027,0.0005829334259033203,0.00021076202392578125,0.013269186019897461,0.006865024566650391,0.009898185729980469,0.05011105537414551,0.002744913101196289,0.0007693767547607422,2.610114812850952,63.725138425827026,0.010540008544921875,90.81223797798157,0.31479620933532715,41.50125980377197,0.02028369903564453,0.1356196403503418,0.01790785789489746,0.002429485321044922,56.859172105789185,376.32482409477234,1340.3985226154327,18.543652296066284,0.001028299331665039,0.007154226303100586,0.0003066062927246094,0.0003113746643066406,0.1623225212097168,0.0020079612731933594,0.03648877143859863,0.33637332916259766,2.0186641216278076,0.009319543838500977,0.13199257850646973,0.006241321563720703,0.033632516860961914,0.7961204051971436,0.03464770317077637,25.204466819763184,0.1502981185913086,0.0037310123443603516,0.001027822494506836,0.011312484741210938,0.007031440734863281,0.04405713081359863,0.025498151779174805,0.10655069351196289,0.05531191825866699,0.0019023418426513672,13.674782276153564,353.45062470436096,65.22715616226196,0.01979684829711914,1.48390793800354
29,15.17986512184143,0.0005857944488525391,0.00021266937255859375,0.013123512268066406,0.006636381149291992,0.009671926498413086,0.08423614501953125,0.002583742141723633,0.0008428096771240234,2.411466121673584,63.74014163017273,0.011480331420898438,6.6984405517578125,0.26351046562194824,41.27365064620972,0.018545150756835938,0.12854719161987305,0.017735958099365234,0.0023131370544433594,56.843167543411255,365.7489709854126,1061.4265224933624,18.806279182434082,0.0009992122650146484,0.005590200424194336,0.00028896331787109375,0.00030112266540527344,0.15550470352172852,0.0020799636840820312,0.027631759643554688,0.2589304447174072,1.911344289779663,0.00975179672241211,0.1434774398803711,0.006216764450073242,0.024942874908447266,0.3735980987548828,0.031970977783203125,26.174293756484985,0.914649248123169,0.0037496089935302734,0.0010399818420410156,0.011049747467041016,0.006380796432495117,0.044161081314086914,0.025231599807739258,0.10854029655456543,0.055219411849975586,0.0020422935485839844,14.09437894821167,464.6433391571045,65.27665948867798,0.01824665069580078,0.9757773876190186
30,15.15864896774292,0.0005877017974853516,0.00021719932556152344,0.013153791427612305,0.007281303405761719,0.009569406509399414,0.048288822174072266,0.0025777816772460938,0.0007157325744628906,2.4098117351531982,63.86794114112854,0.011917829513549805,91.80057978630066,0.2878081798553467,41.43894839286804,0.017083406448364258,0.1932065486907959,0.0184175968170166,0.0022017955780029297,56.69341802597046,360.8168258666992,1311.734616279602,18.354729175567627,0.001062631607055664,0.006719112396240234,0.00029087066650390625,0.0003039836883544922,0.15941333770751953,0.0021822452545166016,0.031023740768432617,0.3411905765533447,2.058223009109497,0.009856224060058594,0.13943219184875488,0.005432605743408203,0.026955127716064453,0.9655678272247314,0.03497791290283203,0.7915427684783936,27.53813409805298,0.0037603378295898438,0.0010428428649902344,0.01154637336730957,0.006349802017211914,0.04687309265136719,0.025476694107055664,0.10698437690734863,0.05528664588928223,0.001911163330078125,14.25781774520874,344.15215516090393,64.97587871551514,0.01094961166381836,12.330372333526611
31,15.042941570281982,0.0005900859832763672,0.00021529197692871094,0.013156414031982422,0.006768703460693359,0.009816646575927734,0.05408763885498047,0.0025589466094970703,0.000705718994140625,2.042381525039673,63.66512417793274,0.01677393913269043,92.11593651771545,0.33390045166015625,41.46406149864197,0.01736760139465332,0.19965815544128418,0.018185853958129883,0.0022521018981933594,56.58477187156677,385.1434643268585,1331.8219215869904,18.343174934387207,0.001066446304321289,0.006478309631347656,0.0003662109375,0.00031113624572753906,0.11267614364624023,0.002198457717895508,0.03362393379211426,0.31920480728149414,1.8428070545196533,0.008983135223388672,0.13332271575927734,0.005165576934814453,0.025351762771606445,0.921983003616333,0.03217649459838867,26.31798219680786,47.114798069000244,0.003810405731201172,0.0010459423065185547,0.011468648910522461,0.006312370300292969,0.04659724235534668,0.025517702102661133,0.10636472702026367,0.05526852607727051,0.0018932819366455078,14.063990116119385,340.7373957633972,65.37370371818542,0.030330896377563477,3.136381149291992
32,15.127076387405396,0.0005891323089599609,0.0002186298370361328,0.013021230697631836,0.006667375564575195,0.009652376174926758,0.05230975151062012,0.0026886463165283203,0.000774383544921875,2.5536177158355713,63.98668670654297,0.013347625732421875,89.2127640247345,0.2922534942626953,41.030319690704346,0.017084360122680664,0.2003333568572998,0.017723560333251953,0.002394437789916992,56.654008626937866,359.77325963974,1252.5982429981232,18.41691541671753,0.0010657310485839844,0.006997346878051758,0.0002903938293457031,0.0003032684326171875,0.15666866302490234,0.0021948814392089844,0.03372788429260254,0.28658413887023926,2.036888599395752,0.008776426315307617,0.16845369338989258,0.005434989929199219,0.027538776397705078,1.0267398357391357,0.03115105628967285,2.0952022075653076,45.01561117172241,0.003747224807739258,0.0010347366333007812,0.01149892807006836,0.006299257278442383,0.04648113250732422,0.025496482849121094,0.10649466514587402,0.05523681640625,0.001851797103881836,13.937772274017334,342.6198489665985,64.70986366271973,0.037279605865478516,59.6947546005249
33,15.140677452087402,0.0005929470062255859,0.00021791458129882812,0.013017654418945312,0.0066661834716796875,0.009679555892944336,0.04996824264526367,0.0025768280029296875,0.0007638931274414062,2.6048524379730225,63.414036989212036,0.010433435440063477,91.59450006484985,0.3033766746520996,41.370311975479126,0.019902467727661133,0.18599510192871094,0.017784595489501953,0.0024132728576660156,56.55486822128296,383.726441860199,1334.7584018707275,18.416204690933228,0.0010869503021240234,0.007236957550048828,0.00030303001403808594,0.0003185272216796875,0.17799997329711914,0.001981973648071289,0.03702855110168457,0.3495900630950928,2.030794620513916,0.009368181228637695,0.13236331939697266,0.0071146488189697266,0.03211498260498047,0.7801592350006104,0.03621077537536621,25.776620149612427,2.5009889602661133,0.003756284713745117,0.001026153564453125,0.010754108428955078,0.006966114044189453,0.04412961006164551,0.025414228439331055,0.1066439151763916,0.055269479751586914,0.0018968582153320312,13.674741983413696,354.04656529426575,65.24091053009033,0.18757152557373047,1.0671513080596924
34,15.07423996925354,0.0005924701690673828,0.00022101402282714844,0.013092756271362305,0.0067195892333984375,0.009620904922485352,0.0574183464050293,0.0026483535766601562,0.0008392333984375,2.4160988330841064,63.588483810424805,0.012257575988769531,91.64987063407898,0.2705874443054199,41.213351011276245,0.018625259399414062,0.18887019157409668,0.018216609954833984,0.0023567676544189453,56.664318799972534,363.287793636322,1178.6262562274933,18.880348205566406,0.0010857582092285156,0.005709409713745117,0.00029850006103515625,0.0003104209899902344,0.16952919960021973,0.0021135807037353516,0.027722597122192383,0.2600119113922119,1.9138059616088867,0.009470939636230469,0.14464759826660156,0.006220340728759766,0.024884939193725586,0.7166078090667725,0.032562971115112305,25.991386651992798,48.804792165756226,0.003747701644897461,0.0010547637939453125,0.011106014251708984,0.007098197937011719,0.04579448699951172,0.025153398513793945,0.10863232612609863,0.05700206756591797,0.0020482540130615234,13.99846887588501,438.81169867515564,65.33128142356873,0.1057586669921875,12.971569776535034
35,15.210834980010986,0.00060272216796875,0.00022411346435546875,0.013258218765258789,0.0067026615142822266,0.009676933288574219,0.04875826835632324,0.002571582794189453,0.0007205009460449219,2.4139678478240967,63.86314606666565,0.0028879642486572266,91.56732082366943,0.28104352951049805,41.40507912635803,0.01692032814025879,0.1933455467224121,0.018314361572265625,0.0021986961364746094,56.725141763687134,380.284113407135,1315.5122678279877,18.33352541923523,0.001081705093383789,0.006711244583129883,0.00029659271240234375,0.00030922889709472656,0.15908145904541016,0.0021805763244628906,0.030919790267944336,0.3528773784637451,2.054718255996704,0.009002208709716797,0.1392652988433838,0.005051136016845703,0.025117158889770508,0.9389810562133789,0.03511691093444824,2.1689515113830566,2.5861897468566895,0.003713846206665039,0.0010390281677246094,0.011073827743530273,0.00644230842590332,0.044110774993896484,0.025528430938720703,0.10719490051269531,0.05554699897766113,0.0018537044525146484,14.06831169128418,341.82791781425476,65.03808522224426,0.011879205703735352,12.665515422821045
36,15.050292491912842,0.0006308555603027344,0.0002338886260986328,0.013595104217529297,0.006883382797241211,0.01000833511352539,0.05541205406188965,0.0026459693908691406,0.0007507801055908203,2.051034450531006,63.66554570198059,0.016490459442138672,92.11852192878723,0.32039356231689453,41.44936418533325,0.017070531845092773,0.20817327499389648,0.01765155792236328,0.0022416114807128906,56.60659456253052,388.1664574146271,1329.9336948394775,18.41768455505371,0.0010652542114257812,0.0064754486083984375,0.0002970695495605469,0.00031065940856933594,0.1445615291595459,0.002166271209716797,0.033562660217285156,0.33130621910095215,1.8490116596221924,0.00908803939819336,0.14425349235534668,0.00522160530090332,0.025756359100341797,0.9235451221466064,0.031931400299072266,1.0231153964996338,1.6025381088256836,0.003726959228515625,0.001043558120727539,0.010980844497680664,0.006441593170166016,0.044085025787353516,0.025493383407592773,0.10716080665588379,0.05563664436340332,0.001873016357421875,14.022063970565796,340.2974216938019,65.34987235069275,0.028337717056274414,0.8235785961151123
37,15.198465824127197,0.0006649494171142578,0.00023555755615234375,0.012765645980834961,0.006650447845458984,0.009708642959594727,0.05256962776184082,0.0025577545166015625,0.0007932186126708984,2.558450937271118,63.845062017440796,0.01339578628540039,89.18647027015686,0.3068211078643799,41.06938338279724,0.017408370971679688,0.2185955047607422,0.018172502517700195,0.0024809837341308594,56.59164834022522,359.8470673561096,1239.9900937080383,18.500398635864258,0.0010709762573242188,0.006947755813598633,0.00029778480529785156,0.0003094673156738281,0.16385984420776367,0.002167940139770508,0.03385424613952637,0.30049777030944824,2.017827033996582,0.008804798126220703,0.18362140655517578,0.005391836166381836,0.02730417251586914,1.0172300338745117,0.03300023078918457,27.56747055053711,47.22364282608032,0.0037250518798828125,0.0011131763458251953,0.011712312698364258,0.006455898284912109,0.04596710205078125,0.025483369827270508,0.10716676712036133,0.055579423904418945,0.0019125938415527344,13.89992070198059,341.4879615306854,64.82066035270691,0.05183911323547363,1.9543347358703613
38,15.131044626235962,0.0006382465362548828,0.00022554397583007812,0.012736082077026367,0.006680965423583984,0.00970768928527832,0.05012035369873047,0.0026636123657226562,0.0007865428924560547,2.606815814971924,63.4864821434021,0.010561943054199219,90.43243360519409,0.3065063953399658,41.34916114807129,0.020077228546142578,0.1976032257080078,0.017773151397705078,0.0024328231811523438,56.725706577301025,379.33978295326233,1345.4981932640076,18.44894552230835,0.0010292530059814453,0.0070035457611083984,0.0002999305725097656,0.0003113746643066406,0.16689300537109375,0.001985311508178711,0.03623342514038086,0.34445953369140625,2.013537645339966,0.008781909942626953,0.1336686611175537,0.007096529006958008,0.03193378448486328,0.7723138332366943,0.0345463752746582,1.1145474910736084,0.25354933738708496,0.003720521926879883,0.0010464191436767578,0.010825395584106445,0.0064356327056884766,0.04419207572937012,0.025632143020629883,0.10767030715942383,0.0559384822845459,0.0019249916076660156,13.682494878768921,355.33671259880066,65.1936137676239,0.021519899368286133,0.8778407573699951
39,15.112229824066162,0.0006215572357177734,0.0002353191375732422,0.013295888900756836,0.006766796112060547,0.009670257568359375,0.06335830688476562,0.0026552677154541016,0.0008461475372314453,2.415111780166626,63.58858323097229,0.011521577835083008,91.80819082260132,0.25882816314697266,41.31735134124756,0.01848769187927246,0.1940913200378418,0.017647981643676758,0.0023293495178222656,56.68564319610596,359.3787000179291,1138.0106408596039,18.84419345855713,0.0010006427764892578,0.005560636520385742,0.0003120899200439453,0.00031685829162597656,0.1665949821472168,0.0020759105682373047,0.027585983276367188,0.2594151496887207,1.9061386585235596,0.008765935897827148,0.14383602142333984,0.005785942077636719,0.02313065528869629,0.6979806423187256,0.029555082321166992,2.398756504058838,3.708054304122925,0.0037217140197753906,0.0010693073272705078,0.01046895980834961,0.006500244140625,0.045212745666503906,0.025413990020751953,0.10901880264282227,0.05567336082458496,0.0019881725311279297,14.01248049736023,457.10107707977295,65.49102306365967,0.018303632736206055,0.8334028720855713
40,15.078448057174683,0.0006062984466552734,0.00022721290588378906,0.013250589370727539,0.006802558898925781,0.009771347045898438,0.048668861389160156,0.0025687217712402344,0.0007233619689941406,2.405167579650879,63.93804121017456,0.013760566711425781,91.51384019851685,0.2818789482116699,41.46026158332825,0.017071247100830078,0.15805935859680176,0.018430233001708984,0.002219676971435547,56.740139961242676,179.94113945960999,1319.9779510498047,18.213338375091553,0.0011208057403564453,0.006784200668334961,0.00031256675720214844,0.00033020973205566406,0.16103529930114746,0.002186298370361328,0.030846118927001953,0.34934496879577637,2.052150249481201,0.009978055953979492,0.1447610855102539,0.005475521087646484,0.027358293533325195,0.1317310333251953,0.03837394714355469,0.18751740455627441,1.9704277515411377,0.003994464874267578,0.001123666763305664,0.011617422103881836,0.007283210754394531,0.046349525451660156,0.02683711051940918,0.11118102073669434,0.055631399154663086,0.001886606216430664,14.055379390716553,344.97296690940857,28.41474676132202,0.01746535301208496,2.2761335372924805
41,14.975686073303223,0.0006034374237060547,0.00022792816162109375,0.013111591339111328,0.0067675113677978516,0.009857416152954102,0.05339670181274414,0.002595663070678711,0.0007252693176269531,2.0470802783966064,63.43487596511841,0.017646312713623047,92.03546071052551,0.32183098793029785,41.28634715080261,0.01704120635986328,0.1606440544128418,0.017666101455688477,0.0022475719451904297,56.602784156799316,379.39728331565857,1330.4364495277405,18.21860671043396,0.0010781288146972656,0.006502866744995117,0.0003764629364013672,0.0003254413604736328,0.15500664710998535,0.0021834373474121094,0.03371119499206543,0.3249063491821289,1.835416555404663,0.009013175964355469,0.1369030475616455,0.005120992660522461,0.025333881378173828,0.12657690048217773,0.032279014587402344,0.16898036003112793,1.5946307182312012,0.00372314453125,0.0010499954223632812,0.011040925979614258,0.006379604339599609,0.04404950141906738,0.025750160217285156,0.1077420711517334,0.05569791793823242,0.0018811225891113281,14.078282833099365,344.27547812461853,65.28415894508362,0.01960015296936035,0.8099703788757324
42,8.914090156555176,0.0006589889526367188,0.00024628639221191406,0.013948202133178711,0.007343292236328125,0.01030278205871582,0.05570578575134277,0.002718210220336914,0.0008432865142822266,2.548945426940918,63.82378125190735,0.013346433639526367,81.26382827758789,0.2916991710662842,41.04845309257507,0.017835140228271484,0.15166759490966797,0.01819610595703125,0.002478361129760742,56.76204204559326,375.75126814842224,1250.841713666916,18.35877752304077,0.0010921955108642578,0.007032871246337891,0.00030541419982910156,0.0003199577331542969,0.17252326011657715,0.0022339820861816406,0.03408932685852051,0.29674386978149414,2.0207226276397705,0.00883030891418457,0.1784060001373291,0.00542902946472168,0.0273740291595459,0.1884779930114746,0.031153202056884766,0.19615817070007324,2.3931868076324463,0.004009723663330078,0.0011527538299560547,0.01166677474975586,0.006761074066162109,0.04619765281677246,0.026880741119384766,0.11248421669006348,0.058180809020996094,0.002032041549682617,13.894497632980347,342.4415295124054,64.72834348678589,0.02045750617980957,1.111461877822876
43,2.4337499141693115,0.0005958080291748047,0.0002319812774658203,0.01268148422241211,0.006659269332885742,0.009753942489624023,0.050638437271118164,0.002612590789794922,0.0007805824279785156,2.607954502105713,63.52067756652832,0.010453224182128906,90.54269075393677,0.31081080436706543,41.321998596191406,0.020537376403808594,0.13856911659240723,0.017981290817260742,0.002468585968017578,56.59627842903137,383.52038764953613,1341.7884101867676,18.407435417175293,0.001100778579711914,0.007135868072509766,0.000316619873046875,0.0003249645233154297,0.16028714179992676,0.0019600391387939453,0.036441802978515625,0.3462944030761719,2.0417120456695557,0.009755849838256836,0.14228415489196777,0.006666421890258789,0.035204172134399414,0.7948334217071533,0.038294076919555664,25.06860899925232,0.15063881874084473,0.003752470016479492,0.0010640621185302734,0.010840415954589844,0.006417036056518555,0.04406547546386719,0.02572345733642578,0.10696911811828613,0.055689096450805664,0.00193023681640625,13.724467992782593,355.64007782936096,65.2810161113739,0.019578218460083008,1.4686932563781738
44,15.0283043384552,0.0006067752838134766,0.00023293495178222656,0.012925148010253906,0.006735324859619141,0.009754419326782227,0.08453631401062012,0.0026977062225341797,0.0008645057678222656,2.4270787239074707,63.55213522911072,0.011666297912597656,6.7067039012908936,0.25518083572387695,41.26953983306885,0.018640518188476562,0.13720488548278809,0.017931699752807617,0.002326488494873047,56.7015495300293,363.61141705513,1059.0337443351746,18.74540638923645,0.0010952949523925781,0.0056765079498291016,0.00030517578125,0.0003209114074707031,0.16524052619934082,0.0021147727966308594,0.02758026123046875,0.25803685188293457,1.9048011302947998,0.008785247802734375,0.13686418533325195,0.005809307098388672,0.02328014373779297,0.36290955543518066,0.029714345932006836,26.067906379699707,0.917363166809082,0.0037865638732910156,0.0010576248168945312,0.010619878768920898,0.006606578826904297,0.04410552978515625,0.025449037551879883,0.10900592803955078,0.0556337833404541,0.002040863037109375,13.974048137664795,465.4321804046631,65.42103791236877,0.018468379974365234,0.9783179759979248
45,15.068455934524536,0.0005979537963867188,0.0002338886260986328,0.012852668762207031,0.006653308868408203,0.009763479232788086,0.04818153381347656,0.002603292465209961,0.0007371902465820312,2.3916068077087402,64.12763619422913,0.011969566345214844,91.60113334655762,0.2837703227996826,41.43526220321655,0.01706099510192871,0.1961507797241211,0.01837325096130371,0.0022330284118652344,56.62102508544922,379.33385825157166,1321.8442664146423,18.240068435668945,0.0010581016540527344,0.006667375564575195,0.0003082752227783203,0.0003223419189453125,0.1606733798980713,0.002203702926635742,0.030959367752075195,0.34491753578186035,2.0542118549346924,0.008859872817993164,0.13521933555603027,0.005044221878051758,0.025203704833984375,0.9448416233062744,0.03602790832519531,0.7953078746795654,27.588793516159058,0.0038368701934814453,0.0010771751403808594,0.011808633804321289,0.006512880325317383,0.04651618003845215,0.025853633880615234,0.10799956321716309,0.05643320083618164,0.0019512176513671875,14.078339338302612,342.006343126297,65.01919841766357,0.011474370956420898,12.274161100387573
46,15.021199226379395,0.0005984306335449219,0.00023365020751953125,0.012792348861694336,0.006653785705566406,0.009761333465576172,0.05393576622009277,0.0025949478149414062,0.0007309913635253906,2.0264151096343994,63.63991379737854,0.01718616485595703,92.06185269355774,0.3354198932647705,41.57323718070984,0.017060041427612305,0.20228314399719238,0.017674922943115234,0.002253293991088867,56.79453420639038,380.5732820034027,1320.8296537399292,18.44806981086731,0.0010900497436523438,0.006535768508911133,0.0003116130828857422,0.00032329559326171875,0.17253446578979492,0.002218008041381836,0.03371238708496094,0.33546900749206543,1.836822271347046,0.008849859237670898,0.1383209228515625,0.005144596099853516,0.02531576156616211,0.911005973815918,0.032311201095581055,26.275447130203247,47.17694878578186,0.0039348602294921875,0.0011022090911865234,0.011960744857788086,0.006579160690307617,0.04755115509033203,0.025826692581176758,0.10865449905395508,0.05640673637390137,0.0019140243530273438,14.039401292800903,342.8923692703247,65.44934940338135,0.03046417236328125,3.1384389400482178
47,15.289416790008545,0.0006933212280273438,0.00025153160095214844,0.013354301452636719,0.006806612014770508,0.00977945327758789,0.052741289138793945,0.0025975704193115234,0.0008015632629394531,2.521411418914795,63.90359592437744,0.01330113410949707,89.27441143989563,0.31478261947631836,40.99117708206177,0.01704859733581543,0.20944523811340332,0.01771092414855957,0.0024034976959228516,56.696972370147705,361.0887053012848,1255.4647028446198,18.41670799255371,0.001088857650756836,0.00702667236328125,0.00032138824462890625,0.0003261566162109375,0.15733122825622559,0.002167940139770508,0.03371381759643555,0.29363036155700684,2.036374807357788,0.009074211120605469,0.18715691566467285,0.0054168701171875,0.027520418167114258,1.001453161239624,0.03135085105895996,2.0883758068084717,45.044607639312744,0.00413823127746582,0.001264810562133789,0.012532234191894531,0.0069386959075927734,0.049612998962402344,0.027048110961914062,0.11366558074951172,0.05928993225097656,0.0020830631256103516,13.92802906036377,341.8865330219269,64.86057806015015,0.03807997703552246,59.80432939529419
48,15.182292938232422,0.0006117820739746094,0.00023603439331054688,0.013176202774047852,0.006760120391845703,0.009752750396728516,0.05035042762756348,0.002702474594116211,0.0008249282836914062,2.563131809234619,63.484283447265625,0.010515928268432617,91.49629139900208,0.33661675453186035,41.24988031387329,0.020430803298950195,0.19650840759277344,0.017913341522216797,0.0024399757385253906,56.643701791763306,381.9252727031708,1355.812024116516,18.450910329818726,0.0010628700256347656,0.007143974304199219,0.00031447410583496094,0.00032639503479003906,0.17766213417053223,0.0019905567169189453,0.036778926849365234,0.3500947952270508,2.014336347579956,0.008849143981933594,0.12938141822814941,0.0071985721588134766,0.03222179412841797,0.7755610942840576,0.03474831581115723,25.768930673599243,2.5048904418945312,0.003793954849243164,0.001065969467163086,0.010843753814697266,0.007104635238647461,0.04430747032165527,0.02561664581298828,0.10752439498901367,0.05583691596984863,0.0020148754119873047,13.690648794174194,354.14482402801514,65.26266431808472,0.19048690795898438,1.0780401229858398
49,15.182000637054443,0.0006473064422607422,0.0002491474151611328,0.013653755187988281,0.0069904327392578125,0.010038137435913086,0.04691648483276367,0.002686738967895508,0.0008921623229980469,2.462139129638672,63.840603828430176,0.012328147888183594,91.51186800003052,0.25780797004699707,41.2852566242218,0.018517255783081055,0.18440008163452148,0.01795363426208496,0.002413034439086914,56.7567937374115,370.8478548526764,1179.8328924179077,18.815304040908813,0.0010800361633300781,0.005690336227416992,0.00032258033752441406,0.000335693359375,0.17103242874145508,0.0021140575408935547,0.02782273292541504,0.2658267021179199,1.9117958545684814,0.009015083312988281,0.13712072372436523,0.0058748722076416016,0.023297548294067383,0.7028450965881348,0.029866695404052734,25.98816156387329,48.869539737701416,0.0037946701049804688,0.0010738372802734375,0.011182546615600586,0.007160663604736328,0.04599165916442871,0.025381803512573242,0.10924553871154785,0.0556795597076416,0.0020589828491210938,13.963527917861938,440.087096452713,65.46522951126099,0.10651516914367676,13.348961114883423
50,15.173151016235352,0.0006539821624755859,0.00025343894958496094,0.014073848724365234,0.00726008415222168,0.010434389114379883,0.04955410957336426,0.002733945846557617,0.000732421875,2.4304487705230713,63.84732699394226,0.002883434295654297,91.49929738044739,0.2859070301055908,41.483503580093384,0.01716160774230957,0.1982107162475586,0.018479108810424805,0.0022385120391845703,56.796603202819824,378.9515562057495,1317.800478219986,18.244553565979004,0.0010941028594970703,0.006761312484741211,0.00031113624572753906,0.0003275871276855469,0.1599574089050293,0.002208709716796875,0.03143930435180664,0.35791635513305664,2.048905372619629,0.009076356887817383,0.13791894912719727,0.005170345306396484,0.0253143310546875,0.9508838653564453,0.03618216514587402,2.174647569656372,2.594949960708618,0.003811359405517578,0.00107574462890625,0.01096796989440918,0.007111072540283203,0.04409646987915039,0.025481224060058594,0.1067349910736084,0.05537676811218262,0.0019230842590332031,14.06027865409851,342.554851770401,64.91418170928955,0.011443376541137695,12.107816696166992
51,15.040210008621216,0.0006566047668457031,0.00024056434631347656,0.013174772262573242,0.00677490234375,0.00983119010925293,0.054041385650634766,0.0025959014892578125,0.0007393360137939453,2.0697429180145264,63.458138942718506,0.016640663146972656,92.0334255695343,0.3282506465911865,41.352418422698975,0.01707005500793457,0.20415067672729492,0.01898050308227539,0.0024080276489257812,56.72299575805664,386.1843042373657,1341.6924505233765,18.35153603553772,0.0011358261108398438,0.006536722183227539,0.0003974437713623047,0.0003399848937988281,0.1509857177734375,0.0022058486938476562,0.03411984443664551,0.3348269462585449,1.8379261493682861,0.009096145629882812,0.1433734893798828,0.00570368766784668,0.02762007713317871,0.9347283840179443,0.03245091438293457,1.0226783752441406,1.6041300296783447,0.003744363784790039,0.0010962486267089844,0.011013507843017578,0.0071179866790771484,0.04435133934020996,0.025606870651245117,0.10697531700134277,0.05553627014160156,0.0019042491912841797,14.047791957855225,345.43755197525024,65.32233119010925,0.02831244468688965,0.8229091167449951
52,15.181442499160767,0.0006210803985595703,0.00024580955505371094,0.013117313385009766,0.006773233413696289,0.009747982025146484,0.05300760269165039,0.002624988555908203,0.0008070468902587891,2.558974266052246,63.79895734786987,0.013622760772705078,89.17205500602722,0.28940463066101074,41.118024826049805,0.018123388290405273,0.21408367156982422,0.01858353614807129,0.002567291259765625,56.5801784992218,365.1193106174469,1250.0895161628723,18.366095542907715,0.0010950565338134766,0.007040977478027344,0.000316619873046875,0.000331878662109375,0.16416263580322266,0.0022439956665039062,0.033815622329711914,0.3045051097869873,2.014150619506836,0.009079933166503906,0.18335676193237305,0.00550389289855957,0.027433156967163086,1.0145583152770996,0.03133273124694824,27.566298007965088,47.27868056297302,0.003885030746459961,0.0010783672332763672,0.011769533157348633,0.0070912837982177734,0.04620623588562012,0.025483131408691406,0.1070408821105957,0.0557098388671875,0.0019450187683105469,13.91959524154663,342.69761753082275,64.92567944526672,0.0524139404296875,1.9663441181182861
53,15.129924058914185,0.0006175041198730469,0.0002446174621582031,0.013143062591552734,0.006750822067260742,0.009749889373779297,0.05009937286376953,0.0027532577514648438,0.0007956027984619141,2.6210408210754395,63.42189908027649,0.010494470596313477,90.58655309677124,0.30344343185424805,41.298792123794556,0.02070140838623047,0.19764256477355957,0.018260478973388672,0.0031812191009521484,56.650813817977905,387.16084265708923,1357.60737490654,18.427378177642822,0.0010678768157958984,0.007060527801513672,0.0003273487091064453,0.000331878662109375,0.11475157737731934,0.0019648075103759766,0.036534786224365234,0.34779858589172363,2.016350030899048,0.009063959121704102,0.13231301307678223,0.007229804992675781,0.03211236000061035,0.7744050025939941,0.034893035888671875,1.1130692958831787,0.2531311511993408,0.0037505626678466797,0.001058340072631836,0.01089334487915039,0.006486654281616211,0.04414200782775879,0.025569915771484375,0.1070702075958252,0.055694580078125,0.0019116401672363281,13.693373680114746,352.52599716186523,65.26531147956848,0.02166128158569336,0.8890669345855713
54,15.07863473892212,0.0006592273712158203,0.0002422332763671875,0.01324152946472168,0.00679326057434082,0.009746074676513672,0.06359076499938965,0.002627134323120117,0.0008697509765625,2.4338278770446777,63.654632806777954,0.011550664901733398,91.9209418296814,0.25643038749694824,41.24401259422302,0.018552541732788086,0.19006991386413574,0.017850160598754883,0.0023484230041503906,56.74502992630005,360.99072885513306,1131.6991701126099,18.76695942878723,0.0011293888092041016,0.005705118179321289,0.0003230571746826172,0.0003364086151123047,0.1548008918762207,0.002111196517944336,0.02765798568725586,0.26568603515625,1.9100546836853027,0.009041070938110352,0.14116644859313965,0.005855083465576172,0.023382902145385742,0.7035126686096191,0.030133485794067383,2.40242862701416,3.741833209991455,0.0037322044372558594,0.0010826587677001953,0.01048898696899414,0.006594181060791016,0.043953657150268555,0.025287866592407227,0.10922718048095703,0.055745601654052734,0.0020110607147216797,14.012866735458374,455.2466187477112,65.34185123443604,0.018377065658569336,0.8358457088470459
55,15.119987726211548,0.0006172657012939453,0.00024580955505371094,0.01295924186706543,0.006751537322998047,0.00978851318359375,0.048664093017578125,0.0026178359985351562,0.0007491111755371094,2.4269297122955322,63.93414855003357,0.013805627822875977,91.66693234443665,0.283339262008667,41.531474590301514,0.017063617706298828,0.1554722785949707,0.01848149299621582,0.002236604690551758,56.66914510726929,178.27663731575012,1308.8882665634155,18.269007205963135,0.0011222362518310547,0.006737470626831055,0.0003407001495361328,0.0003330707550048828,0.1595625877380371,0.0022106170654296875,0.03138422966003418,0.35774755477905273,2.048652410507202,0.00910806655883789,0.13807344436645508,0.005118131637573242,0.02526569366455078,0.12834739685058594,0.035301923751831055,0.18298625946044922,1.9394631385803223,0.003742694854736328,0.0010883808135986328,0.011281967163085938,0.006652355194091797,0.044442176818847656,0.025557994842529297,0.10724782943725586,0.05593061447143555,0.0019223690032958984,14.092216491699219,341.6766924858093,28.434977769851685,0.017281293869018555,2.282465696334839
56,15.044187307357788,0.0006241798400878906,0.0002467632293701172,0.012849092483520508,0.0067288875579833984,0.009789466857910156,0.05393481254577637,0.0026197433471679688,0.0007417201995849609,2.0641491413116455,63.56651496887207,0.017793655395507812,92.01800680160522,0.3549525737762451,41.365718603134155,0.017222881317138672,0.16216778755187988,0.01779913902282715,0.002266407012939453,56.668248891830444,378.8769609928131,1322.0796437263489,18.260286331176758,0.0010974407196044922,0.006537914276123047,0.00032019615173339844,0.0003445148468017578,0.15190362930297852,0.0022249221801757812,0.033892154693603516,0.3351864814758301,1.8371949195861816,0.008855104446411133,0.13987207412719727,0.005221128463745117,0.025565624237060547,0.12940549850463867,0.03224015235900879,0.16958308219909668,1.5956065654754639,0.003722667694091797,0.0010590553283691406,0.01105499267578125,0.006498098373413086,0.04420924186706543,0.025630474090576172,0.10752224922180176,0.05592823028564453,0.0019605159759521484,14.032156705856323,342.57778549194336,65.64535903930664,0.019799470901489258,0.8143184185028076
57,8.923118352890015,0.0006926059722900391,0.00027751922607421875,0.012822628021240234,0.0066623687744140625,0.009784221649169922,0.052751779556274414,0.0027272701263427734,0.0008091926574707031,2.5580027103424072,63.78155159950256,0.013289451599121094,80.98110675811768,0.28942370414733887,41.14160442352295,0.017089366912841797,0.14802098274230957,0.01786637306213379,0.0024566650390625,56.74925422668457,363.72210335731506,1245.8028542995453,18.357309341430664,0.0011036396026611328,0.0069544315338134766,0.00033211708068847656,0.0003573894500732422,0.17294979095458984,0.0021948814392089844,0.033785343170166016,0.3016672134399414,2.0174028873443604,0.008865833282470703,0.183349609375,0.005405426025390625,0.027498245239257812,0.1927783489227295,0.03130698204040527,0.19677519798278809,2.368412971496582,0.003750324249267578,0.00115203857421875,0.011064529418945312,0.006495952606201172,0.044248104095458984,0.025708675384521484,0.10726737976074219,0.05595874786376953,0.0018699169158935547,13.862153768539429,343.68959164619446,64.80617952346802,0.020378589630126953,1.1120684146881104
58,2.4356415271759033,0.0006175041198730469,0.00025010108947753906,0.013165950775146484,0.006788730621337891,0.009755611419677734,0.05020928382873535,0.0027170181274414062,0.0008015632629394531,2.621504545211792,63.42297077178955,0.010531425476074219,90.58978962898254,0.3043854236602783,41.328004121780396,0.021144866943359375,0.14455556869506836,0.01866602897644043,0.0025641918182373047,56.73477840423584,380.54064321517944,1355.042594909668,18.418229818344116,0.00107574462890625,0.007147789001464844,0.0003273487091064453,0.000362396240234375,0.16061711311340332,0.0020258426666259766,0.036598920822143555,0.34834742546081543,2.0068793296813965,0.008832216262817383,0.13848185539245605,0.006064891815185547,0.032167911529541016,0.7852771282196045,0.03478384017944336,25.127113103866577,0.14963865280151367,0.0037975311279296875,0.001054525375366211,0.01153254508972168,0.0072171688079833984,0.044469594955444336,0.026623249053955078,0.1067497730255127,0.05516457557678223,0.0019235610961914062,13.728423118591309,354.2705090045929,65.07776951789856,0.01971435546875,1.462632656097412
59,15.080853462219238,0.0006265640258789062,0.0002505779266357422,0.01317453384399414,0.006810188293457031,0.009791851043701172,0.0853118896484375,0.002615213394165039,0.0008792877197265625,2.4319260120391846,63.478211879730225,0.011627435684204102,6.687605142593384,0.2567627429962158,41.24513053894043,0.018384456634521484,0.14033794403076172,0.01771831512451172,0.002336740493774414,56.70153093338013,368.33169889450073,1058.6669504642487,18.734166383743286,0.0010821819305419922,0.005683183670043945,0.00032138824462890625,0.0003361701965332031,0.15714144706726074,0.002162456512451172,0.028033733367919922,0.26631736755371094,1.897778034210205,0.008882999420166016,0.1481618881225586,0.0058863162994384766,0.02335643768310547,0.36882877349853516,0.029775619506835938,26.062538385391235,0.9145424365997314,0.003796100616455078,0.0010945796966552734,0.011202573776245117,0.007334709167480469,0.04441332817077637,0.02550506591796875,0.10841107368469238,0.05517888069152832,0.002063274383544922,13.997297286987305,466.14889335632324,65.47606348991394,0.018860340118408203,0.9956114292144775
60,15.172784805297852,0.0006542205810546875,0.00026035308837890625,0.013879776000976562,0.007107257843017578,0.007803440093994141,0.050322771072387695,0.002805948257446289,0.0007710456848144531,2.4496774673461914,63.970717430114746,0.012088298797607422,91.52915477752686,0.28240132331848145,41.523857831954956,0.018523216247558594,0.20525097846984863,0.01859426498413086,0.0022580623626708984,56.80692768096924,380.2073323726654,1319.8773584365845,18.250627756118774,0.0011506080627441406,0.006756782531738281,0.0003418922424316406,0.0003437995910644531,0.16036272048950195,0.0022296905517578125,0.020746707916259766,0.3613302707672119,2.0676677227020264,0.009686946868896484,0.1455070972442627,0.005556344985961914,0.027771949768066406,0.9643793106079102,0.037610769271850586,0.7966516017913818,27.534165620803833,0.003839731216430664,0.0010786056518554688,0.01174783706665039,0.007251262664794922,0.047170400619506836,0.025777339935302734,0.10680031776428223,0.05521702766418457,0.0018982887268066406,14.051268577575684,344.13561177253723,64.92536163330078,0.011155128479003906,12.606229066848755
61,15.085269451141357,0.0006840229034423828,0.00027489662170410156,0.014319658279418945,0.0074062347412109375,0.00832056999206543,0.05858635902404785,0.002826690673828125,0.0008182525634765625,2.0898542404174805,63.49130201339722,0.01681804656982422,92.17921686172485,0.32244038581848145,41.46632409095764,0.01743626594543457,0.2039196491241455,0.01789379119873047,0.0022766590118408203,56.784603118896484,385.2415554523468,1337.2426161766052,18.273038387298584,0.001108407974243164,0.0065135955810546875,0.0004093647003173828,0.00033736228942871094,0.1727001667022705,0.002237081527709961,0.03375077247619629,0.33551597595214844,1.8362367153167725,0.00909876823425293,0.141373872756958,0.005273103713989258,0.026264190673828125,0.9237191677093506,0.03267860412597656,26.234509229660034,47.15155243873596,0.004040718078613281,0.0011546611785888672,0.012270212173461914,0.00761866569519043,0.04895305633544922,0.02681565284729004,0.1108858585357666,0.05730152130126953,0.002039194107055664,14.117479085922241,342.14956641197205,65.36514616012573,0.03074193000793457,3.1291704177856445
62,15.194123029708862,0.0006582736968994141,0.0002684593200683594,0.013763666152954102,0.007078886032104492,0.007841825485229492,0.05454754829406738,0.0028069019317626953,0.0008454322814941406,2.5880353450775146,64.01230692863464,0.013397216796875,89.41080617904663,0.2886648178100586,41.10248780250549,0.01866626739501953,0.21752476692199707,0.018930912017822266,0.002579212188720703,56.77297115325928,357.4781277179718,1243.8980872631073,18.336991548538208,0.0012285709381103516,0.007769107818603516,0.0003592967987060547,0.0003790855407714844,0.16959881782531738,0.002298593521118164,0.034122467041015625,0.30251026153564453,2.0361766815185547,0.00923299789428711,0.18532156944274902,0.0055828094482421875,0.02880263328552246,1.0203027725219727,0.03162670135498047,2.0905001163482666,45.09769606590271,0.003802061080932617,0.0010726451873779297,0.011667251586914062,0.007238864898681641,0.046794891357421875,0.02565312385559082,0.10637092590332031,0.05523252487182617,0.001875162124633789,13.89410662651062,343.11000299453735,64.76190257072449,0.03828716278076172,59.531914949417114
63,15.153866291046143,0.0006380081176757812,0.00025582313537597656,0.013126850128173828,0.0067522525787353516,0.0074884891510009766,0.04997420310974121,0.002633810043334961,0.0008158683776855469,2.616800546646118,63.467374086380005,0.010474681854248047,91.35438656806946,0.3044726848602295,41.25690817832947,0.020088911056518555,0.1930694580078125,0.017850875854492188,0.0024611949920654297,56.69534969329834,375.6943471431732,1340.1025412082672,18.464182376861572,0.0011069774627685547,0.007037162780761719,0.0003333091735839844,0.0003437995910644531,0.17423152923583984,0.00196075439453125,0.036162614822387695,0.34925270080566406,2.0114452838897705,0.009099960327148438,0.1331346035003662,0.007248640060424805,0.03246021270751953,0.7768101692199707,0.03498435020446777,25.67937469482422,2.509087562561035,0.0038001537322998047,0.0010633468627929688,0.011506795883178711,0.006546497344970703,0.04706716537475586,0.02584075927734375,0.10674142837524414,0.05529451370239258,0.0019195079803466797,13.705457925796509,353.137127161026,65.26857376098633,0.18859219551086426,1.0658106803894043
64,15.12975549697876,0.0006887912750244141,0.0002624988555908203,0.013606548309326172,0.007257938385009766,0.0077440738677978516,0.04670596122741699,0.002671480178833008,0.00090789794921875,2.441922426223755,63.56021070480347,0.01152491569519043,91.87687158584595,0.2635002136230469,41.34967064857483,0.01863884925842285,0.19573688507080078,0.017679452896118164,0.002365589141845703,56.85493469238281,366.6167435646057,1175.6133344173431,18.73328399658203,0.001142740249633789,0.005633831024169922,0.0003304481506347656,0.0003445148468017578,0.1701064109802246,0.002119779586791992,0.027905941009521484,0.2648890018463135,1.9026124477386475,0.009121179580688477,0.1430072784423828,0.005857944488525391,0.02402806282043457,0.704594612121582,0.02989029884338379,25.827028036117554,48.55965065956116,0.0037708282470703125,0.0010957717895507812,0.011285066604614258,0.006684780120849609,0.046921491622924805,0.025524377822875977,0.10844254493713379,0.055262088775634766,0.0020432472229003906,14.04084587097168,434.931090593338,65.33155846595764,0.10260677337646484,21.142066717147827
65,15.185726404190063,0.0006310939788818359,0.000255584716796875,0.012881755828857422,0.0066602230072021484,0.007448673248291016,0.048484086990356445,0.0026171207427978516,0.0007472038269042969,2.4411795139312744,63.93836307525635,0.002878427505493164,91.41679406166077,0.2814648151397705,41.50506019592285,0.017071247100830078,0.197723388671875,0.01848888397216797,0.00225067138671875,56.83435392379761,383.0318295955658,1303.7793114185333,18.347201108932495,0.0011425018310546875,0.006761789321899414,0.0003285408020019531,0.0003447532653808594,0.16057968139648438,0.002242565155029297,0.02059793472290039,0.3577239513397217,2.043818950653076,0.009015560150146484,0.1403944492340088,0.005261898040771484,0.026117801666259766,0.9469521045684814,0.03535747528076172,2.1685426235198975,2.5807809829711914,0.0038623809814453125,0.0010998249053955078,0.011156797409057617,0.00651097297668457,0.044573307037353516,0.025810956954956055,0.10674381256103516,0.05542445182800293,0.002022266387939453,14.08978533744812,341.6732642650604,65.02290272712708,0.010649919509887695,5.677008867263794
66,15.020491361618042,0.0006272792816162109,0.0002548694610595703,0.012891769409179688,0.006821632385253906,0.007589101791381836,0.05353116989135742,0.002732992172241211,0.0007522106170654297,2.059032678604126,63.174675941467285,0.016757965087890625,92.03334140777588,0.3209233283996582,41.37812399864197,0.017794132232666016,0.20295023918151855,0.01799631118774414,0.0023224353790283203,56.76382660865784,382.52284002304077,1337.681388616562,18.25078511238098,0.001108407974243164,0.006575345993041992,0.0003285408020019531,0.0003428459167480469,0.15241503715515137,0.002251148223876953,0.03379702568054199,0.33550453186035156,1.8355090618133545,0.009045124053955078,0.13975930213928223,0.005263566970825195,0.02599787712097168,0.9223372936248779,0.03222036361694336,1.022859811782837,1.6028025150299072,0.0037927627563476562,0.0010845661163330078,0.011026382446289062,0.0064907073974609375,0.04442453384399414,0.025732040405273438,0.10633707046508789,0.0552668571472168,0.0019230842590332031,14.058117628097534,343.2090094089508,65.33541870117188,0.02842426300048828,0.8205616474151611
67,15.16083836555481,0.0007042884826660156,0.0002627372741699219,0.013072967529296875,0.00673365592956543,0.007465839385986328,0.05220198631286621,0.0026159286499023438,0.0008172988891601562,2.5523838996887207,63.712523460388184,0.014873027801513672,89.32435369491577,0.2884235382080078,41.02836346626282,0.017047643661499023,0.20607972145080566,0.01784539222717285,0.002451658248901367,56.71309518814087,363.98448491096497,1258.8375477790833,18.29757809638977,0.0011050701141357422,0.0069789886474609375,0.00033402442932128906,0.00034499168395996094,0.1633763313293457,0.002202272415161133,0.03369569778442383,0.30224061012268066,2.0071001052856445,0.00884556770324707,0.17760109901428223,0.005408048629760742,0.028306245803833008,1.0059406757354736,0.031340837478637695,27.496007680892944,47.18448281288147,0.0037834644317626953,0.0011508464813232422,0.011715412139892578,0.00714421272277832,0.04692530632019043,0.025655746459960938,0.11175107955932617,0.05825972557067871,0.002018451690673828,14.073010683059692,340.88817167282104,64.62479543685913,0.05289888381958008,1.9668190479278564
68,15.07193636894226,0.0006301403045654297,0.00026297569274902344,0.013119220733642578,0.006781101226806641,0.007517576217651367,0.05005645751953125,0.0027246475219726562,0.0008170604705810547,2.60575795173645,63.5030517578125,0.010484933853149414,90.37937188148499,0.30677080154418945,41.20899796485901,0.02013540267944336,0.19318246841430664,0.017934083938598633,0.0024521350860595703,56.684675455093384,378.4345099925995,1340.3777225017548,18.36695909500122,0.0010700225830078125,0.0070590972900390625,0.00033473968505859375,0.0003483295440673828,0.11499786376953125,0.002000093460083008,0.03648257255554199,0.3576972484588623,2.0026803016662598,0.009039878845214844,0.1402909755706787,0.007195472717285156,0.03209829330444336,0.7686066627502441,0.03469419479370117,1.1140930652618408,0.25413990020751953,0.003863096237182617,0.0011425018310546875,0.011194229125976562,0.0073146820068359375,0.0444025993347168,0.02567911148071289,0.10638427734375,0.05516457557678223,0.0019385814666748047,13.661313772201538,353.6258280277252,65.11544489860535,0.0215451717376709,0.8769142627716064
69,14.957912683486938,0.0006358623504638672,0.0002593994140625,0.013147354125976562,0.006793022155761719,0.007558584213256836,0.06676173210144043,0.0026259422302246094,0.0008800029754638672,2.4051175117492676,63.65766215324402,0.011555194854736328,91.82625961303711,0.2589237689971924,41.24437761306763,0.0185089111328125,0.190460205078125,0.01769089698791504,0.0023529529571533203,56.7069878578186,365.48780632019043,1132.046365737915,18.730812549591064,0.0010874271392822266,0.005860328674316406,0.0003447532653808594,0.0003592967987060547,0.15817880630493164,0.002201557159423828,0.028721332550048828,0.27426648139953613,1.9019520282745361,0.009083986282348633,0.14692449569702148,0.005888700485229492,0.023868560791015625,0.6983728408813477,0.0295867919921875,2.3983428478240967,3.6988086700439453,0.0037994384765625,0.0011031627655029297,0.010535240173339844,0.0072100162506103516,0.04423236846923828,0.025481462478637695,0.10856819152832031,0.0552210807800293,0.002023935317993164,14.003691673278809,456.48150420188904,65.28623008728027,0.018358230590820312,0.8341443538665771
70,15.048993587493896,0.0006337165832519531,0.0002624988555908203,0.013347625732421875,0.00682520866394043,0.007513284683227539,0.048320770263671875,0.002701997756958008,0.0007588863372802734,2.3902792930603027,63.79147958755493,0.014175176620483398,91.31524467468262,0.2846088409423828,41.34956073760986,0.016940593719482422,0.15829086303710938,0.01847052574157715,0.0022597312927246094,56.68424844741821,180.2848994731903,1316.5912709236145,18.190089464187622,0.0011088848114013672,0.0067539215087890625,0.0003466606140136719,0.00035834312438964844,0.1604626178741455,0.0022127628326416016,0.020381689071655273,0.36255502700805664,2.0439000129699707,0.009040355682373047,0.14327478408813477,0.005126476287841797,0.025947093963623047,0.12973284721374512,0.03521561622619629,0.18282389640808105,1.9402263164520264,0.0037994384765625,0.001073598861694336,0.011135578155517578,0.007166385650634766,0.044335365295410156,0.025691986083984375,0.10645341873168945,0.05544233322143555,0.0019147396087646484,14.046056985855103,344.7334318161011,28.429741621017456,0.017258405685424805,2.285783290863037
71,15.00653624534607,0.0006978511810302734,0.00029277801513671875,0.014418840408325195,0.007380008697509766,0.008319377899169922,0.05844998359680176,0.0028378963470458984,0.000823974609375,2.045076370239258,63.48008322715759,0.01668834686279297,91.95837068557739,0.32434725761413574,41.36634159088135,0.017090559005737305,0.16656231880187988,0.017689228057861328,0.002272367477416992,56.681143045425415,380.326119184494,1348.4952092170715,18.30079674720764,0.0011136531829833984,0.006580352783203125,0.0004191398620605469,0.00036144256591796875,0.15267705917358398,0.0022306442260742188,0.03402996063232422,0.3451721668243408,1.8363144397735596,0.008906841278076172,0.15045762062072754,0.0052928924560546875,0.026274442672729492,0.13138937950134277,0.032582759857177734,0.1705317497253418,1.5915460586547852,0.0037996768951416016,0.0010991096496582031,0.011128664016723633,0.0072383880615234375,0.04461097717285156,0.025923728942871094,0.10799312591552734,0.05604958534240723,0.001947164535522461,14.059579133987427,344.06994009017944,65.50350189208984,0.019692659378051758,0.8147768974304199
72,8.871525526046753,0.0006341934204101562,0.0002624988555908203,0.013193845748901367,0.006845951080322266,0.0075337886810302734,0.053022146224975586,0.002615213394165039,0.0008208751678466797,2.5381550788879395,63.98843431472778,0.013597488403320312,81.01395654678345,0.2921628952026367,41.065470457077026,0.020197153091430664,0.16596484184265137,0.01772475242614746,0.00244140625,56.654205322265625,362.04215455055237,1242.7106535434723,18.362415552139282,0.0011167526245117188,0.007002830505371094,0.00034499168395996094,0.00034880638122558594,0.1730339527130127,0.002218008041381836,0.034035444259643555,0.311661958694458,2.0101776123046875,0.009077787399291992,0.1943206787109375,0.005473136901855469,0.02835369110107422,0.1935412883758545,0.031288862228393555,0.1967940330505371,2.3710920810699463,0.003759622573852539,0.00109100341796875,0.01108241081237793,0.00717616081237793,0.04435324668884277,0.025717496871948242,0.10723137855529785,0.055614471435546875,0.0019371509552001953,13.880136251449585,344.7325553894043,64.9430181980133,0.02033066749572754,1.1108856201171875
73,2.41441011428833,0.00067138671875,0.0002624988555908203,0.012845754623413086,0.006705284118652344,0.007546663284301758,0.05040717124938965,0.0026607513427734375,0.0008099079132080078,2.598620891571045,63.405295610427856,0.010540008544921875,90.69227719306946,0.30631518363952637,41.329004764556885,0.020134449005126953,0.14002203941345215,0.017879962921142578,0.002473115921020508,56.55094265937805,369.914826631546,1316.3210010528564,18.355854988098145,0.0010824203491210938,0.007089853286743164,0.0003376007080078125,0.00035452842712402344,0.16031336784362793,0.001996278762817383,0.03635239601135254,0.35483860969543457,2.0066449642181396,0.009053707122802734,0.140272855758667,0.006189823150634766,0.03273177146911621,0.7729220390319824,0.03501248359680176,25.07442045211792,0.1513359546661377,0.0037691593170166016,0.0010874271392822266,0.010854482650756836,0.007124185562133789,0.0443873405456543,0.02570176124572754,0.10736989974975586,0.05568242073059082,0.0019311904907226562,13.752230405807495,355.3545207977295,65.23673868179321,0.01963639259338379,1.4710047245025635
74,14.96049976348877,0.0006353855133056641,0.00026535987854003906,0.013258934020996094,0.0068585872650146484,0.007523775100708008,0.0762026309967041,0.002735137939453125,0.0009102821350097656,2.3985509872436523,63.72738265991211,0.011554241180419922,6.683019161224365,0.2584550380706787,41.453540086746216,0.02001810073852539,0.14934802055358887,0.018804073333740234,0.0025119781494140625,56.576767444610596,360.87259101867676,1048.3286538124084,18.64129090309143,0.0011336803436279297,0.005745410919189453,0.0003399848937988281,0.0003552436828613281,0.1528944969177246,0.0021219253540039062,0.027713298797607422,0.26961803436279297,1.8952085971832275,0.008823394775390625,0.1472940444946289,0.0058863162994384766,0.02384805679321289,0.36598658561706543,0.02967071533203125,26.056559324264526,0.9271619319915771,0.0038323402404785156,0.0010998249053955078,0.011197328567504883,0.006694316864013672,0.04604387283325195,0.02547764778137207,0.10920143127441406,0.055777788162231445,0.0020558834075927734,14.009594440460205,462.99123430252075,65.61361145973206,0.018594026565551758,0.9781949520111084
